Pocket_ID,Residue_Count,Residues
1,15,E:DT1019; E:DC1016; F:DG1108; F:DA1104; F:DG1107; E:DA1017; E:DC1015; F:DC1110; F:DT1106; F:DA1103; F:DG1109; E:DT1020; F:DT1105; E:DA1018; E:DA1021
2,10,A:HIS214; A:ALA161; A:HIS193; A:MET160; A:VAL216; A:VAL173; A:ALA159; A:ILE195; A:SER215; A:LEU194
3,15,A:PRO219; A:GLU198; A:ASN200; A:GLY199; A:VAL197; A:THR230; A:VAL157; A:ILE232; A:TYR220; A:HIS233; A:GLU221; A:GLU224; A:VAL218; A:THR231; A:LEU145
4,12,A:THR123; A:THR125; A:PRO142; A:THR140; A:TYR126; A:MET133; A:SER116; A:CYS124; A:PHE113; A:LEU114; A:VAL122; A:SER121
5,9,C:LEU194; C:VAL216; C:HIS193; C:VAL173; C:ALA161; C:SER215; C:ILE195; C:ALA159; C:HIS214
6,9,C:CYS124; C:LEU114; C:PHE113; B:GLN167; C:PRO142; C:TYR126; C:MET133; C:SER116; C:THR125
7,9,B:SER215; B:ALA161; B:ILE195; B:VAL216; B:ALA159; B:VAL173; B:HIS214; B:LEU194; B:HIS193
8,6,F:DG1119; E:DC1004; E:DT1003; E:DT1002; F:DA1121; F:DA1120
9,13,E:DA1007; B:ARG248; B:ASN247; E:DG1008; E:DC1010; F:DA1117; E:DT1012; F:DC1115; E:DT1006; F:DT1116; E:DA1009; E:DT1011; F:DT1114
10,23,B:HIS179; A:GLY245; F:DG1109; A:GLN165; E:DC1014; A:HIS168; A:ARG248; A:ASN247; A:ARG249; E:DT1012; B:ARG248; E:DT1011; A:GLY244; E:DC1016; F:DC1110; F:DA1112; B:HIS178; E:DG1013; B:SER241; F:DG1113; F:DA1111; E:DC1015; B:MET243
11,12,C:SER240; C:PRO250; C:GLU271; C:CYS275; C:ARG248; C:ARG249; C:LYS132; E:DT1001; C:VAL272; C:ARG273; C:VAL274; C:GLU285
12,17,A:SER240; A:ASP281; A:PRO250; A:CYS277; A:ASN239; A:SER241; A:GLU285; A:ARG248; A:ARG249; A:LYS132; A:ARG273; A:GLU271; A:ARG280; A:ALA276; A:VAL272; A:CYS275; A:VAL274
13,10,F:DG1119; C:ASP281; C:GLU285; C:THR284; C:ARG280; E:DT1001; E:DT1002; C:ARG273; F:DA1121; F:DA1120
14,11,C:LYS139; B:ASN247; B:GLU171; C:ALA138; C:THR140; B:THR170; B:GLN167; C:GLU198; C:THR123; B:HIS168; B:ARG249
15,10,B:LEU206; B:SER215; B:ARG213; B:THR211; B:PRO98; B:MET160; B:ASP208; B:ARG158; B:VAL97; B:SER96
16,8,A:LEU111; A:ARG282; A:HIS115; A:TYR126; A:GLY112; A:PHE113; A:GLY117; A:PRO128
17,10,B:HIS115; B:PRO128; B:THR118; B:LEU111; B:ARG282; B:TYR126; B:LEU114; B:SER116; B:PHE113; B:GLY117
18,8,B:LEU252; B:PHE270; B:LEU130; B:SER269; B:GLN100; B:ASN131; B:LYS164; B:GLU271
19,7,B:PRO98; B:ARG267; B:SER99; B:THR256; B:MET160; B:ILE254; B:ARG158
20,6,F:DG1108; F:DG1107; B:ARG283; F:DG1109; B:ARG280; B:LYS120
21,8,A:HIS214; A:ARG174; B:SER183; A:PHE212; B:GLU180; B:ARG181; B:PRO191; A:VAL172
22,6,B:PRO219; B:GLY199; B:LEU201; B:ARG202; B:ASN200; B:GLU221
23,7,C:PHE113; C:GLY112; C:HIS115; C:GLN144; C:LEU111; C:ARG110; C:TRP146
24,10,A:PRO219; A:PRO151; A:PRO153; A:TYR220; A:ARG202; A:THR155; A:THR150; A:GLY154; A:PRO222; A:PRO152
25,8,C:HIS168; C:GLU171; C:ARG249; C:ARG248; C:GLN165; C:GLY244; C:GLY245; C:ASN247
26,7,A:ARG267; A:PRO98; A:MET160; A:ILE254; A:SER99; A:ARG158; A:THR256
27,19,A:GLN167; B:CYS277; B:CYS275; A:SER166; B:GLN136; A:GLN165; E:DC1014; A:LYS164; B:SER121; A:ARG248; B:ALA276; B:ASN239; A:PRO250; E:DC1016; F:DG1107; F:DT1106; B:LYS139; E:DC1015; B:LEU137
28,8,A:GLU198; A:ASN200; A:GLY199; A:ASN235; A:VAL197; A:LEU201; A:LEU188; A:ASP186
29,9,B:ARG273; B:PRO250; B:SER240; E:DT1012; B:GLU285; B:LYS132; B:ARG248; B:GLU271; B:VAL272
30,8,C:LEU114; C:PHE113; C:ARG282; C:HIS115; C:TYR126; C:SER116; C:LEU111; C:PRO128
31,26,C:LEU114; C:GLU221; C:PRO142; C:ILE232; C:GLU198; C:THR230; B:SER99; B:SER166; B:SER96; B:ASN210; B:PRO98; C:GLU224; C:THR231; B:THR211; C:GLN144; B:GLN100; C:ASN200; B:VAL97; C:VAL218; B:MET169; C:PRO219; C:VAL197; C:ARG202; C:HIS233; C:LEU201; C:GLY199
32,9,B:SER185; B:PRO191; B:LEU188; A:PHE212; A:ASN210; B:ALA189; B:PRO190; A:ARG209; B:GLY187
33,7,B:ARG273; B:THR284; B:ASN288; E:DT1012; B:GLU285; B:ASP281; E:DT1011
34,9,A:PRO128; A:ASN131; A:LEU111; A:SER269; A:TYR126; A:ARG110; A:PHE113; A:GLN104; A:ASN268
35,9,A:SER94; B:LYS139; A:MET169; A:THR170; B:LEU137; A:VAL97; A:SER166; B:ALA138; A:SER95
36,11,A:SER94; B:GLU198; B:GLY199; B:VAL197; B:LEU201; B:LEU188; B:ASN235; B:ASP186; B:ASN200; A:SER96; A:SER95
37,11,B:THR150; B:PRO152; B:ARG156; B:PRO219; B:PRO222; B:PRO153; B:PRO151; B:ARG202; B:TYR220; B:THR155; B:GLY154
38,8,B:THR231; B:CYS229; B:PRO223; B:PRO222; B:THR230; B:SER227; B:GLU221; B:GLU224
39,13,B:ASN210; B:THR170; C:ASP186; C:GLY187; C:LEU201; C:GLU198; C:ASN200; B:PHE212; C:GLY199; B:THR211; C:LEU188; B:SER96; B:ARG209
40,10,C:ARG267; C:THR256; C:PRO98; C:MET160; C:ILE254; C:SER99; C:ARG158; C:LEU264; C:SER95; C:ASP208
41,9,B:TYR103; B:ARG267; C:GLU224; B:LYS101; B:LEU264; B:THR102; B:SER99; B:VAL97; C:VAL225
42,12,C:ALA119; F:DA1117; C:GLY117; C:ARG280; F:DG1118; E:DC1005; C:ARG283; C:THR118; E:DC1004; E:DT1003; F:DT1116; C:LYS120
43,11,A:PRO98; A:MET160; B:SER185; A:ASN210; A:VAL97; A:THR211; A:SER96; B:ASP184; B:ASP186; A:ARG213; A:ASP208
44,9,A:ASN131; A:LEU252; A:SER269; A:LYS164; A:GLN100; A:LEU130; F:DA1103; A:GLU271; A:PHE270
45,10,C:PRO219; C:PRO151; C:PRO153; C:GLU221; C:GLY154; C:THR150; C:TYR220; C:ARG202; C:PRO222; C:PRO152
46,8,B:LYS139; B:THR123; B:VAL122; B:SER121; F:DT1106; A:SER166; F:DT1105; B:GLN136
